height_cm,weight_kg,bmi,category
192.27,116.19,31.43,3
152.97,90.6,38.72,4
153.54,53.7,22.78,1
170.4,114.2,39.33,4
183.33,84.36,25.1,2
176.47,91.09,29.25,2
136.7,63.27,33.86,3
159.97,93.3,36.46,4
140.81,55.06,27.77,2
177.23,120.08,38.23,4
168.8,75.54,26.51,2
197.03,105.48,27.17,2
200.21,98.29,24.52,1
160.43,85.5,33.22,3
187.62,76.46,21.72,1
164.79,51.32,18.9,1
189.29,138.95,38.78,4
187.74,66.83,18.96,1
174.97,117.28,38.31,4
138.58,61.53,32.04,3
153.1,49.88,21.28,1
158.13,91.97,36.78,4
149.62,89.1,39.8,4
180.82,62.84,19.22,1
171.1,84.34,28.81,2
198.37,147.17,37.4,4
143.38,79.07,38.46,4
209.75,99.65,22.65,1
173.43,93.15,30.97,3
186.31,130.97,37.73,4
161.7,63.69,24.36,1
204.93,134.26,31.97,3
149.75,51.82,23.11,1
198.02,88.15,22.48,1
194.82,92.15,24.28,1
186.08,115.51,33.36,3
203.73,160.79,38.74,4
189.29,76.68,21.4,1
188.62,101.47,28.52,2
203.79,78.37,18.87,1
171.54,96.63,32.84,3
187.89,104.04,29.47,2
189.24,131.93,36.84,4
184.05,132.42,39.09,4
166.21,99.43,35.99,4
197.53,137.5,35.24,4
193.09,105.1,28.19,2
174.41,114.13,37.52,4
135.75,39.73,21.56,1
149.32,69.36,31.11,3
153.29,86.4,36.77,4
157.13,97.52,39.5,4
207.41,98.99,23.01,1
196.94,146.8,37.85,4
148.74,78.72,35.58,4
173.13,83.63,27.9,2
196.12,119.81,31.15,3
203.33,155.57,37.63,4
155.32,67.5,27.98,2
147.74,86.87,39.8,4
146.73,51.78,24.05,1
147.69,56.3,25.81,2
204.27,103.52,24.81,1
201.56,89.26,21.97,1
169.08,80.42,28.13,2
170.5,83.98,28.89,2
162.07,93.98,35.78,4
147.37,67.63,31.14,3
162.67,80.5,30.42,3
158.0,66.8,26.76,2
194.68,118.82,31.35,3
168.05,71.25,25.23,2
159.5,81.26,31.94,3
169.5,95.67,33.3,3
143.98,48.72,23.5,1
188.58,90.47,25.44,2
173.57,105.41,34.99,2
187.67,137.82,39.13,4
183.29,132.33,39.39,4
192.71,69.45,18.7,1
157.22,68.54,27.73,2
159.79,59.52,23.31,1
185.65,134.8,39.11,4
197.48,143.28,36.74,4
190.07,92.88,25.71,2
142.66,69.16,33.98,3
173.16,79.52,26.52,2
209.07,92.62,21.19,1
161.98,94.25,35.92,4
204.22,96.84,23.22,1
166.79,61.12,21.97,1
195.2,83.86,22.01,1
197.58,99.31,25.44,2
174.62,103.4,33.91,3
155.38,45.32,18.77,1
200.84,84.18,20.87,1
146.46,76.43,35.63,4
208.14,168.0,38.78,4
162.88,81.79,30.83,3
180.5,123.19,37.81,4
165.3,89.81,32.87,3
204.64,89.28,21.32,1
139.9,60.63,30.98,3
205.32,130.9,31.05,3
180.8,70.57,21.59,1
193.67,120.78,32.2,3
197.14,146.91,37.8,4
136.73,56.33,30.13,3
171.12,73.73,25.18,2
161.11,102.35,39.43,4
157.92,90.58,36.32,4
170.82,90.54,31.03,3
192.4,105.24,28.43,2
152.59,73.09,31.39,3
136.86,50.84,27.14,2
137.5,44.49,23.53,1
163.72,82.91,30.93,3
182.27,121.56,36.59,4
160.91,93.5,36.11,4
164.36,86.58,32.05,3
137.35,61.48,32.59,3
179.68,115.74,35.85,4
170.77,115.48,39.6,4
182.95,81.23,24.27,1
141.15,50.74,25.47,2
198.87,144.75,36.6,4
149.79,59.14,26.36,2
184.19,80.88,23.84,1
157.02,70.74,28.69,2
208.49,148.05,34.06,3
189.82,104.28,28.94,2
179.41,74.39,23.11,1
154.31,56.12,23.57,1
202.44,156.26,38.13,4
192.78,97.37,26.2,2
153.25,64.0,27.25,2
157.06,74.3,30.12,3
185.48,122.89,35.72,4
196.66,74.26,19.2,1
146.69,59.39,27.6,2
163.6,58.7,21.93,1
166.67,73.92,26.61,2
144.26,63.93,30.72,3
184.32,114.32,33.65,3
139.3,57.32,29.54,2
165.67,65.84,23.99,1
188.75,140.65,39.48,4
185.12,96.85,28.26,2
146.91,53.22,24.66,1
180.13,85.53,26.36,2
203.63,165.11,39.82,4
173.62,97.36,32.3,3
180.03,63.95,19.73,1
193.98,103.48,27.5,2
177.99,71.79,22.66,1
160.83,101.89,39.39,4
184.61,80.6,23.65,1
174.73,113.21,37.08,4
146.04,55.45,26.0,2
208.42,140.61,32.37,3
136.45,59.23,31.81,3
186.38,102.2,29.42,2
143.69,65.47,31.71,3
150.45,46.81,20.68,1
197.54,129.08,33.08,3
183.12,91.91,27.41,2
171.56,86.83,29.5,2
197.0,87.94,22.66,1
151.17,48.47,21.21,1
140.56,65.4,33.1,3
194.01,81.42,21.63,1
209.8,172.45,39.18,4
186.65,107.06,30.73,3
145.46,72.38,34.21,3
149.49,53.37,23.88,1
151.95,55.62,24.09,1
141.45,53.9,26.94,2
180.53,81.35,24.96,2
178.51,93.88,29.46,2
139.45,39.77,20.45,1
187.21,73.56,20.99,1
159.79,74.02,28.99,2
156.39,46.13,18.86,1
180.71,113.32,34.7,3
167.51,65.32,23.28,1
207.36,136.09,31.65,3
195.73,136.0,35.5,4
144.49,77.64,37.19,4
193.78,145.1,38.64,4
190.28,134.72,37.21,4
192.95,147.69,39.67,4
208.48,102.31,23.54,1
161.0,56.25,21.7,1
187.84,119.51,33.87,3
139.34,46.13,23.76,1
199.96,113.79,28.46,2
140.94,70.6,35.54,4
142.87,38.52,18.87,1
143.08,76.91,37.57,4
136.89,46.34,24.73,1
178.04,125.68,39.65,4
204.03,116.23,27.92,2
181.07,102.59,31.29,3
175.83,102.89,33.28,3
139.9,40.93,20.91,1
152.53,50.63,21.76,1
182.98,83.0,24.79,1
161.73,72.19,27.6,2
167.12,97.17,34.79,3
147.12,43.98,20.32,1
154.29,90.72,38.11,4
149.35,48.45,21.72,1
179.29,123.44,38.4,4
202.9,162.86,39.56,4
159.43,94.0,36.98,4
182.78,121.07,36.24,4
171.81,112.08,37.97,4
190.22,98.35,27.18,2
165.72,63.03,22.95,1
141.13,57.34,28.79,2
183.49,87.94,26.12,2
199.05,94.34,23.81,1
154.3,84.78,35.61,4
205.76,129.51,30.59,3
144.3,45.52,21.86,1
182.41,75.6,22.72,1
158.75,62.9,24.96,1
179.42,70.72,21.97,1
174.19,80.62,26.57,2
138.07,68.28,35.82,4
176.53,75.66,24.28,1
170.5,65.7,22.6,1
189.14,106.96,29.9,2
170.79,83.8,28.73,2
200.72,86.94,21.58,1
154.45,63.12,26.46,2
196.61,109.2,28.25,2
197.53,122.4,31.37,3
157.75,77.82,31.27,3
203.27,163.79,39.64,4
187.23,72.35,20.64,1
181.15,77.74,23.69,1
192.14,91.56,24.8,1
185.35,109.01,31.73,3
136.08,43.2,23.33,1
149.3,50.29,22.56,1
190.72,130.73,35.94,4
193.26,114.25,30.59,3
139.58,69.77,35.81,4
191.38,110.57,30.19,3
198.38,148.21,37.66,4
144.93,48.48,23.08,1
192.81,100.56,27.05,2
144.54,38.8,18.57,1
153.83,87.48,36.97,4
157.75,97.47,39.17,4
187.29,121.37,34.6,3
209.64,154.92,35.25,4
182.07,68.92,20.79,1
188.62,87.73,24.66,1
136.5,48.02,25.77,2
189.78,101.31,28.13,2
177.31,113.71,36.17,4
142.44,47.76,23.54,1
166.7,81.84,29.45,2
205.27,131.72,31.26,3
136.67,64.57,34.57,3
188.52,79.11,22.26,1
157.18,96.28,38.97,4
188.89,98.37,27.57,2
205.96,135.95,32.05,3
150.38,56.83,25.13,2
200.99,149.02,36.89,4
155.09,52.46,21.81,1
171.67,104.92,35.6,4
156.25,88.11,36.09,4
185.98,66.76,19.3,1
183.73,64.68,19.16,1
175.33,117.4,38.19,4
151.54,76.61,33.36,3
151.89,90.48,39.22,4
186.78,131.94,37.82,4
159.86,93.07,36.42,4
137.57,71.99,38.04,4
197.06,89.7,23.1,1
169.69,91.6,31.81,3
209.81,140.38,31.89,3
168.56,92.26,32.47,3
135.14,61.03,33.42,3
197.62,78.03,19.98,1
147.3,73.73,33.98,3
141.96,42.08,20.88,1
186.43,105.0,30.21,3
160.49,61.51,23.88,1
204.83,87.69,20.9,1
209.95,83.84,19.02,1
159.18,75.23,29.69,2
152.93,90.3,38.61,4
171.14,75.57,25.8,2
166.96,84.55,30.33,3
135.15,54.19,29.67,2
173.41,65.86,21.9,1
167.09,84.01,30.09,3
166.88,106.22,38.14,4
180.45,73.95,22.71,1
162.61,64.39,24.35,1
207.15,99.55,23.2,1
205.1,100.5,23.89,1
135.88,67.08,36.33,4
169.2,107.64,37.6,4
178.7,105.29,32.97,3
162.96,78.87,29.7,2
194.52,86.72,22.92,1
204.89,108.01,25.73,2
196.28,149.09,38.7,4
204.55,106.15,25.37,2
196.29,129.61,33.64,3
138.38,52.33,27.33,2
197.09,82.04,21.12,1
157.65,84.63,34.05,3
157.13,76.86,31.13,3
206.0,109.53,25.81,2
144.41,60.08,28.81,2
193.4,138.13,36.93,4
172.96,77.9,26.04,2
197.78,128.19,32.77,3
201.33,137.61,33.95,3
142.71,60.22,29.57,2
140.65,71.63,36.21,4
187.33,123.24,35.12,4
176.29,97.21,31.28,3
157.7,76.97,30.95,3
155.95,64.47,26.51,2
141.19,72.56,36.4,4
199.79,79.87,20.01,1
207.09,134.19,31.29,3
138.15,51.97,27.23,2
159.17,81.53,32.18,3
159.54,72.31,28.41,2
156.89,57.6,23.4,1
150.31,81.79,36.2,4
145.2,61.52,29.18,2
152.55,77.4,33.26,3
193.31,143.12,38.3,4
178.38,79.48,24.98,4
194.35,150.33,39.8,4
155.05,58.49,24.33,1
185.3,118.84,34.61,3
168.3,97.41,34.39,3
174.12,89.26,29.44,2
149.23,65.47,29.4,2
146.57,49.35,22.97,1
149.6,58.21,26.01,2
146.04,40.89,19.17,1
148.27,52.48,23.87,1
170.66,55.48,19.05,1
191.39,103.77,28.33,2
142.63,74.09,36.42,4
181.89,107.36,32.45,3
174.23,90.37,29.77,2
164.48,85.33,31.54,3
144.37,79.74,38.26,4
199.4,107.47,27.03,2
176.63,120.67,38.68,4
137.69,39.85,21.02,1
135.6,40.18,21.85,1
142.08,51.6,25.56,2
195.94,128.0,33.34,3
154.08,94.89,39.97,4
191.91,95.46,25.92,2
191.63,84.46,23.0,1
201.98,121.04,29.67,2
149.36,46.36,20.78,1
164.36,77.04,28.52,2
208.58,87.92,20.21,1
141.61,53.2,26.53,2
149.12,49.74,22.37,1
194.53,83.03,21.94,1
202.79,90.92,22.11,1
162.72,66.17,24.99,1
165.95,75.87,27.55,2
200.52,83.83,20.85,1
206.2,153.58,36.12,4
171.65,90.54,30.73,3
151.7,89.36,38.83,4
175.03,95.0,31.01,3
153.31,44.05,18.74,1
142.12,79.36,39.29,4
186.34,66.46,19.14,1
176.75,111.34,35.64,4
156.1,96.84,39.74,4
209.29,111.96,25.56,2
140.19,53.61,27.28,2
182.71,113.23,33.92,3
197.12,141.9,36.52,4
206.77,119.24,27.89,2
164.97,94.22,34.62,3
209.34,110.7,25.26,2
192.98,112.28,30.15,3
187.23,138.78,39.59,4
196.38,95.91,24.87,1
187.05,83.94,23.99,1
190.7,90.88,24.99,1
201.91,157.28,38.58,4
143.06,64.63,31.58,3
189.39,134.69,37.55,4
169.61,107.33,37.31,4
152.95,52.57,22.47,1
170.58,107.86,37.07,4
191.0,104.81,28.73,2
171.1,54.19,18.51,1
157.4,93.72,37.83,4
161.13,82.93,31.94,3
184.81,123.98,36.3,4
174.44,95.37,31.34,3
164.47,65.87,24.35,1
175.69,58.62,18.99,1
181.59,79.93,24.24,1
186.95,116.94,33.46,3
168.25,56.19,19.85,1
186.7,79.16,22.71,1
148.77,42.32,19.12,1
138.54,56.95,29.67,2
196.02,143.44,37.33,4
148.13,74.67,34.03,3
198.08,141.29,36.01,4
152.45,75.46,32.47,3
143.75,53.54,25.91,2
183.96,75.8,22.4,1
145.05,69.07,32.83,3
161.22,57.55,22.14,1
182.54,91.1,27.34,2
136.45,36.21,19.45,1
205.51,122.1,28.91,2
175.69,84.21,27.28,2
146.56,45.15,21.02,1
144.13,81.37,39.17,4
178.35,84.99,26.72,2
195.33,93.93,24.62,1
189.85,89.42,24.81,1
146.99,48.61,22.5,1
187.23,110.67,31.57,3
174.32,94.9,31.23,3
151.76,44.27,19.22,1
144.27,45.75,21.98,1
199.34,95.61,24.06,1
175.45,57.04,18.53,1
202.59,88.08,21.46,1
151.48,51.54,22.46,1
197.82,130.74,33.41,3
208.53,81.19,18.67,1
148.29,57.46,26.13,2
162.55,92.72,35.09,4
206.3,104.91,24.65,1
182.92,133.27,39.83,4
191.8,147.04,39.97,4
136.71,61.3,32.8,3
177.64,105.43,33.41,3
141.93,53.44,26.53,2
151.01,86.81,38.07,4
163.32,66.9,25.08,2
196.92,108.77,28.05,2
157.26,56.66,22.91,1
137.85,54.99,28.94,2
136.58,52.29,28.03,2
189.9,127.55,35.37,4
199.28,114.21,28.76,2
159.22,55.72,21.98,1
156.87,78.84,32.04,3
204.82,78.45,18.7,1
175.79,70.36,22.77,1
200.19,76.14,19.0,1
149.38,67.37,30.19,3
181.83,98.56,29.81,2
145.3,44.55,21.1,1
186.6,127.54,36.63,4
149.44,74.17,33.21,3
149.44,62.64,28.05,2
164.78,89.33,32.9,3
183.16,93.53,27.88,2
206.33,142.62,33.5,3
138.26,58.8,30.76,3
202.97,130.92,31.78,3
142.71,68.59,33.68,3
184.9,122.22,35.75,4
178.37,103.15,32.42,3
197.9,81.54,20.82,1
172.7,70.12,23.51,1
179.43,122.18,37.95,4
160.26,84.63,32.95,3
203.47,135.21,32.66,3
180.02,103.54,31.95,3
157.45,46.23,18.65,1
205.84,157.7,37.22,4
171.54,72.74,24.72,1
186.61,89.29,25.64,2
168.4,75.24,26.53,2
139.71,70.93,36.34,4
139.77,49.78,25.48,2
206.89,87.96,20.55,1
181.24,98.71,30.05,3
159.2,61.44,24.24,1
180.56,81.47,24.99,1
159.17,88.62,34.98,1
158.56,89.03,35.41,4
172.7,83.12,27.87,2
142.12,71.12,35.21,4
204.05,166.21,39.92,4
137.64,66.76,35.24,4
174.34,101.15,33.28,3
149.28,45.22,20.29,1
138.49,52.42,27.33,2
188.3,132.64,37.41,4
142.08,69.52,34.44,3
203.25,100.43,24.31,1
159.15,78.9,31.15,3
142.47,41.87,20.63,1
180.07,95.85,29.56,2
163.9,69.44,25.85,2
208.9,135.19,30.98,3
147.1,74.15,34.27,3
155.02,50.49,21.01,1
169.8,76.09,26.39,2
163.56,56.42,21.09,1
139.27,60.96,31.43,3
197.89,153.12,39.1,4
172.32,100.31,33.78,3
151.05,71.55,31.36,3
154.7,92.19,38.52,4
187.02,137.98,39.45,4
145.9,53.79,25.27,2
153.6,90.62,38.41,4
177.97,64.42,20.34,1
142.13,43.35,21.46,1
194.74,115.89,30.56,3
196.27,148.46,38.54,4
186.81,129.93,37.23,4
141.73,56.0,27.88,2
142.93,66.6,32.6,3
142.95,68.64,33.59,3
140.51,64.9,32.87,3
169.27,80.4,28.06,2
177.06,97.0,30.94,3
144.04,74.36,35.84,4
148.55,43.83,19.86,1
203.09,135.53,32.86,3
201.36,135.46,33.41,3
172.59,94.72,31.8,3
147.86,62.0,28.36,2
191.2,73.99,20.24,1
147.75,48.16,22.06,1
170.17,92.06,31.79,3
160.01,68.16,26.62,2
189.14,118.84,33.22,3
197.18,138.33,35.58,4
171.37,66.05,22.49,1
180.19,128.8,39.67,4
135.4,46.42,25.32,2
189.98,122.39,33.91,3
153.96,59.16,24.96,3
157.86,48.0,19.26,1
175.73,108.18,35.03,4
165.03,53.05,19.48,1
152.24,71.62,30.9,3
150.99,44.57,19.55,1
181.55,106.86,32.42,3
139.0,60.65,31.39,3
202.03,86.57,21.21,1
166.6,105.47,38.0,4
184.49,111.95,32.89,3
135.61,37.79,20.55,1
181.93,90.09,27.22,2
141.47,57.62,28.79,2
202.99,119.04,28.89,2
164.02,55.1,20.48,1
164.93,105.33,38.72,4
155.01,73.57,30.62,3
204.64,161.69,38.61,4
150.13,61.33,27.21,2
152.38,54.68,23.55,1
181.92,67.88,20.51,1
168.62,75.38,26.51,2
203.27,147.51,35.7,4
142.97,68.88,33.7,3
137.93,73.76,38.77,4
163.6,85.01,31.76,3
146.01,50.44,23.66,1
175.61,73.21,23.74,1
155.46,67.89,28.09,2
177.34,113.82,36.19,4
168.07,89.43,31.66,3
165.74,108.84,39.62,4
143.54,42.61,20.68,1
137.36,46.68,24.74,1
180.83,76.03,23.25,1
153.2,88.25,37.6,4
170.64,98.39,33.79,3
177.63,114.91,36.42,4
172.16,56.17,18.95,1
191.91,86.4,23.46,1
192.77,127.01,34.18,3
209.28,92.72,21.17,1
144.19,43.97,21.15,1
140.52,64.0,32.41,3
190.58,113.68,31.3,3
177.68,76.97,24.38,1
149.66,44.51,19.87,1
147.89,77.93,35.63,4
181.55,103.73,31.47,3
172.46,59.46,19.99,1
153.49,75.67,32.12,3
168.58,63.01,22.17,1
203.14,85.75,20.78,1
202.65,140.94,34.32,3
161.01,83.92,32.37,3
202.69,160.31,39.02,4
150.04,48.47,21.53,1
178.9,99.12,30.97,3
206.49,128.72,30.19,3
155.54,62.83,25.97,2
202.12,146.5,35.86,4
139.65,45.11,23.13,1
200.51,79.44,19.76,1
147.81,70.83,32.42,3
198.78,90.56,22.92,1
152.09,86.21,37.27,4
145.59,57.23,27.0,2
156.34,46.76,19.13,1
138.42,66.79,34.86,3
179.61,123.81,38.38,4
143.46,68.04,33.06,3
143.02,53.78,26.29,2
196.33,95.28,24.72,1
192.05,94.35,25.58,2
147.84,75.41,34.5,3
202.18,91.85,22.47,1
195.42,113.54,29.73,2
145.61,77.24,36.43,4
176.23,93.36,30.06,3
183.93,114.55,33.86,3
146.61,83.81,38.99,4
163.87,57.95,21.58,1
156.66,81.8,33.33,3
142.57,51.71,25.44,2
179.33,96.9,30.13,3
198.17,133.48,33.99,3
205.26,128.16,30.42,3
164.21,76.53,28.38,2
208.36,142.44,32.81,3
209.56,83.88,19.1,1
179.0,88.88,27.74,2
151.71,87.48,38.01,4
135.42,65.87,35.92,4
140.46,52.76,26.74,2
181.56,77.17,23.41,1
186.55,124.31,35.72,4
192.02,84.62,22.95,1
135.71,36.47,19.8,1
182.19,91.68,27.62,2
185.62,67.26,19.52,1
197.98,95.21,24.29,1
155.2,65.66,27.26,2
209.42,117.76,26.85,2
169.69,55.57,19.3,1
155.05,56.62,23.55,1
205.36,92.91,22.03,1
160.55,89.91,34.88,3
171.39,113.5,38.64,4
176.85,102.08,32.64,3
208.61,88.52,20.34,1
199.92,76.98,19.26,1
138.77,43.98,22.84,1
168.99,84.96,29.75,2
188.45,141.77,39.92,4
189.85,138.12,38.32,4
142.36,71.46,35.26,4
139.8,38.99,19.95,1
188.98,80.75,22.61,1
200.6,86.19,21.42,1
201.41,138.21,34.07,3
135.81,59.1,32.04,3
182.65,72.19,21.64,1
165.8,100.03,36.39,4
180.73,106.32,32.55,3
140.37,73.55,37.33,4
146.37,77.6,36.22,4
206.98,123.47,28.82,2
150.68,78.88,34.74,3
165.19,62.54,22.92,1
199.58,108.22,27.17,2
179.39,86.41,26.85,2
185.05,117.56,34.33,3
190.53,111.85,30.81,3
160.01,97.7,38.16,4
148.6,63.73,28.86,2
200.06,79.41,19.84,1
206.48,95.67,22.44,1
139.3,54.95,28.32,2
160.48,74.74,29.02,2
170.63,76.63,26.32,2
195.09,121.07,31.81,3
154.51,52.26,21.89,1
191.39,111.65,30.48,3
150.91,64.02,28.11,2
192.29,125.46,33.93,3
164.05,76.0,28.24,2
191.28,105.52,28.84,2
144.06,72.55,34.96,2
171.32,63.31,21.57,1
145.28,44.37,21.02,1
174.96,58.38,19.07,1
158.06,64.73,25.91,2
143.4,59.41,28.89,2
148.04,49.42,22.55,1
157.18,95.98,38.85,4
209.81,150.73,34.24,3
164.81,74.56,27.45,2
159.11,81.57,32.22,3
176.36,102.05,32.81,3
153.46,67.99,28.87,2
168.91,78.86,27.64,2
153.66,67.58,28.62,2
161.52,80.01,30.67,3
182.79,126.97,38.0,4
198.09,130.08,33.15,3
167.3,72.21,25.8,2
170.7,61.57,21.13,1
159.32,59.04,23.26,1
142.75,63.78,31.3,3
143.37,79.05,38.46,4
175.85,116.83,37.78,4
135.06,34.28,18.79,1
168.03,80.52,28.52,2
177.99,79.83,25.2,2
176.74,102.36,32.77,3
162.78,91.52,34.54,3
144.1,60.61,29.19,2
141.61,65.67,32.75,3
146.49,61.57,28.69,2
204.86,149.4,35.6,4
193.22,92.14,24.68,1
154.15,60.74,25.56,2
191.05,111.95,30.67,3
203.81,143.18,34.47,3
153.77,87.72,37.1,4
147.67,69.45,31.85,3
164.79,87.36,32.17,3
146.55,72.7,33.85,3
140.14,51.87,26.41,2
208.21,82.58,19.05,1
190.19,92.28,25.51,2
195.78,86.86,22.66,1
139.59,36.38,18.67,1
167.68,89.94,31.99,3
200.31,159.81,39.83,4
177.73,103.83,32.87,3
168.14,63.69,22.53,1
190.9,76.46,20.98,1
145.27,58.46,27.7,2
191.12,124.63,34.12,3
206.97,123.46,28.82,2
159.69,65.41,25.65,2
168.23,55.98,19.78,1
157.54,87.06,35.08,4
176.53,75.01,24.07,1
180.41,110.04,33.81,3
150.35,54.21,23.98,1
209.5,152.17,34.67,3
151.34,84.54,36.91,4
137.94,56.87,29.89,2
164.74,52.92,19.5,1
207.61,100.69,23.36,1
185.97,74.39,21.51,1
136.01,62.47,33.77,3
175.15,62.55,20.39,1
181.14,80.88,24.65,1
146.14,53.78,25.18,2
142.17,62.01,30.68,3
161.26,89.79,34.53,3
137.39,56.7,30.04,3
184.96,92.61,27.07,2
166.26,109.33,39.55,4
137.92,63.84,33.56,3
168.65,54.07,19.01,1
181.33,68.79,20.92,1
163.07,72.65,27.32,2
156.02,66.14,27.17,2
198.59,155.58,39.45,4
167.63,56.54,20.12,1
187.31,130.24,37.12,4
144.09,79.56,38.32,4
152.86,83.67,35.81,4
158.36,71.72,28.6,2
209.89,131.24,29.79,2
197.92,106.74,27.25,2
145.4,59.26,28.03,2
180.59,70.83,21.72,1
198.17,140.04,35.66,4
168.81,103.73,36.4,4
208.22,100.06,23.08,1
190.08,137.91,38.17,4
166.86,88.29,31.71,3
135.97,57.13,30.9,3
192.21,135.85,36.77,4
171.14,70.38,24.03,1
170.93,72.05,24.66,1
177.61,113.66,36.03,4
153.85,45.66,19.29,1
142.93,41.63,20.38,1
157.98,63.74,25.54,2
154.39,87.1,36.54,4
173.01,103.57,34.6,3
157.82,66.85,26.84,2
145.77,43.86,20.64,1
192.0,126.52,34.32,3
198.29,100.03,25.44,2
168.69,56.0,19.68,1
148.66,68.93,31.19,3
148.72,54.63,24.7,1
200.17,127.66,31.86,3
209.77,103.28,23.47,1
189.78,87.27,24.23,1
195.98,109.0,28.38,2
163.46,90.87,34.01,3
161.05,100.71,38.83,4
182.89,91.72,27.42,2
147.87,69.69,31.87,3
198.89,116.42,29.43,2
159.69,53.27,20.89,1
194.3,94.72,25.09,2
141.88,55.88,27.76,2
160.7,87.16,33.75,3
185.69,122.68,35.58,4
148.96,45.98,20.72,1
154.49,68.43,28.67,2
180.69,79.79,24.44,1
146.65,73.38,34.12,3
138.83,55.51,28.8,2
145.66,72.14,34.0,3
148.76,55.12,24.91,3
206.91,168.51,39.36,4
184.83,66.99,19.61,1
203.87,128.06,30.81,3
206.95,168.7,39.39,4
201.7,94.83,23.31,1
197.19,131.35,33.78,3
192.4,89.1,24.07,1
201.39,127.96,31.55,3
153.39,49.53,21.05,1
163.4,79.86,29.91,1
145.98,79.08,37.11,4
208.96,171.69,39.32,4
136.83,57.53,30.73,3
147.0,58.21,26.94,2
176.18,116.49,37.53,4
143.9,60.8,29.36,2
184.25,119.19,35.11,4
168.96,103.28,36.18,4
135.28,72.98,39.88,4
178.58,73.06,22.91,1
202.64,117.19,28.54,2
182.97,88.25,26.36,2
162.55,100.91,38.19,4
197.08,128.72,33.14,3
140.07,69.87,35.61,4
199.52,117.75,29.58,2
209.03,143.18,32.77,3
185.85,89.77,25.99,2
196.76,95.82,24.75,1
207.12,114.58,26.71,2
155.97,56.41,23.19,1
137.97,67.42,35.42,4
186.71,119.12,34.17,3
185.63,107.13,31.09,3
172.0,96.15,32.5,3
206.61,147.06,34.45,3
199.78,150.95,37.82,4
193.96,129.08,34.31,3
172.08,83.77,28.29,2
157.63,51.68,20.8,1
154.08,50.76,21.38,1
174.12,95.53,31.51,3
183.27,85.11,25.34,2
171.25,75.28,25.67,2
165.68,53.28,19.41,1
145.36,83.08,39.32,4
159.23,81.31,32.07,3
169.57,65.21,22.68,1
183.58,80.95,24.02,1
176.56,86.44,27.73,2
188.03,84.92,24.02,1
196.44,98.17,25.44,2
161.69,82.82,31.68,3
195.77,131.38,34.28,3
181.74,110.05,33.32,3
171.05,74.99,25.63,2
135.04,67.91,37.24,4
179.49,125.13,38.84,4
170.39,81.67,28.13,2
166.63,76.16,27.43,2
205.25,101.65,24.13,1
152.07,71.94,31.11,3
181.13,117.78,35.9,4
168.42,101.41,35.75,4
199.86,120.19,30.09,3
154.97,83.65,34.83,3
191.68,143.77,39.13,4
153.6,87.77,37.2,4
189.94,72.48,20.09,1
187.96,86.84,24.58,1
199.58,86.04,21.6,1
204.27,88.33,21.17,1
199.49,148.08,37.21,4
191.36,139.63,38.13,4
199.26,108.83,27.41,2
201.7,157.16,38.63,4
206.67,161.79,37.88,4
181.95,93.46,28.23,2
154.88,52.61,21.93,1
153.8,70.44,29.78,2
176.99,123.2,39.33,4
188.41,135.21,38.09,4
136.72,71.44,38.22,4
165.15,58.8,21.56,1
175.17,101.84,33.19,3
209.77,130.78,29.72,2
149.72,70.68,31.53,3
188.95,133.92,37.51,4
139.28,40.62,20.94,1
199.17,136.26,34.35,3
209.84,143.77,32.65,3
199.93,131.47,32.89,3
193.61,72.8,19.42,1
149.33,66.41,29.78,2
195.93,120.0,31.26,3
199.88,105.67,26.45,2
157.91,69.0,27.67,2
199.34,99.78,25.11,2
148.71,44.1,19.94,1
153.51,67.49,28.64,2
139.54,58.1,29.84,2
140.27,38.58,19.61,1
208.72,156.96,36.03,4
181.42,104.4,31.72,3
180.49,92.35,28.35,2
181.35,99.62,30.29,3
159.14,61.95,24.46,1
182.97,84.87,25.35,2
167.15,77.56,27.76,2
168.86,112.0,39.28,4
166.44,86.38,31.18,3
202.89,112.67,27.37,2
171.94,88.51,29.94,2
167.96,57.75,20.47,1
182.23,108.82,32.77,3
194.0,116.41,30.93,3
194.38,147.05,38.92,4
169.74,92.86,32.23,3
179.15,108.45,33.79,3
177.62,104.96,33.27,3
193.42,107.45,28.72,2
198.28,135.2,34.39,3
202.74,126.35,30.74,3
169.35,103.02,35.92,4
201.08,156.31,38.66,4
157.92,93.42,37.46,4
197.31,124.85,32.07,3
152.59,85.03,36.52,4
149.25,49.23,22.1,1
197.87,143.42,36.63,4
142.65,68.92,33.87,3
149.74,46.08,20.55,1
137.26,55.5,29.46,2
183.68,84.14,24.94,2
184.86,118.79,34.76,3
178.86,125.6,39.26,4
184.18,83.89,24.73,1
205.91,148.61,35.05,4
166.21,58.35,21.12,1
185.86,114.93,33.27,3
146.77,83.77,38.89,4
175.19,64.36,20.97,1
170.35,101.71,35.05,4
154.1,85.92,36.18,4
205.17,163.24,38.78,4
171.51,104.43,35.5,4
208.71,126.63,29.07,2
188.34,80.17,22.6,1
160.05,78.9,30.8,3
169.9,97.86,33.9,3
168.55,103.07,36.28,4
179.24,64.93,20.21,1
163.07,81.53,30.66,3
187.41,127.81,36.39,4
152.2,74.41,32.12,3
153.61,62.55,26.51,2
200.08,152.88,38.19,4
156.0,54.49,22.39,1
139.72,64.3,32.94,3
186.85,75.38,21.59,1
147.33,54.85,25.27,2
177.28,113.86,36.23,4
135.02,58.98,32.35,3
141.05,54.27,27.28,2
140.93,58.83,29.62,2
196.15,136.93,35.59,4
197.76,138.56,35.43,4
179.03,79.58,24.83,1
136.44,65.86,35.38,4
198.28,73.83,18.78,1
185.06,78.15,22.82,1
145.33,41.5,19.65,1
208.53,124.98,28.74,2
138.17,51.26,26.85,2
159.89,80.71,31.57,3
158.35,67.43,26.89,2
160.47,75.66,29.38,2
194.79,94.78,24.98,2
151.57,57.04,24.83,1
153.41,58.58,24.89,1
165.84,68.7,24.98,1
200.68,107.89,26.79,2
209.8,82.22,18.68,1
167.39,92.77,33.11,3
143.81,69.55,33.63,3
151.82,87.79,38.09,4
135.61,37.61,20.45,1
190.54,130.92,36.06,4
171.45,91.51,31.13,3
167.94,94.88,33.64,3
174.03,117.36,38.75,4
165.18,105.95,38.83,4
144.24,51.43,24.72,1
148.41,60.66,27.54,2
170.51,88.76,30.53,3
136.87,38.78,20.7,1
184.25,92.88,27.36,2
165.58,93.44,34.08,3
199.74,150.61,37.75,4
189.44,134.58,37.5,4
206.18,101.6,23.9,1
183.03,98.22,29.32,2
163.4,85.57,32.05,3
142.67,39.04,19.18,1
155.22,93.05,38.62,4
136.53,62.04,33.28,3
145.31,49.09,23.25,1
177.3,109.24,34.75,3
199.62,145.72,36.57,4
139.32,77.15,39.75,4
209.43,145.84,33.25,3
168.81,91.96,32.27,3
206.74,113.22,26.49,2
138.67,65.17,33.89,3
183.34,69.11,20.56,1
147.24,57.82,26.67,2
143.35,68.33,33.25,3
149.06,49.06,22.08,1
159.4,85.65,33.71,3
185.99,89.25,25.8,2
194.69,83.16,21.94,1
139.83,60.85,31.12,3
178.79,76.97,24.08,1
174.57,117.11,38.43,4
171.81,67.3,22.8,1
151.95,78.18,33.86,3
173.39,105.77,35.18,4
205.74,89.27,21.09,1
203.2,81.63,19.77,1
183.57,89.33,26.51,2
155.74,70.85,29.21,2
138.18,67.02,35.1,4
199.48,83.8,21.06,1
199.35,111.31,28.01,2
164.22,63.83,23.67,1
135.39,57.98,31.63,3
159.12,76.51,30.22,3
207.69,136.65,31.68,3
157.63,74.07,29.81,2
136.27,47.8,25.74,2
192.02,84.69,22.97,1
146.52,44.2,20.59,1
170.35,104.38,35.97,4
201.81,129.06,31.69,3
189.99,142.62,39.51,4
139.87,47.52,24.29,1
201.46,152.81,37.65,4
173.53,57.79,19.19,1
204.68,107.25,25.6,2
188.85,115.41,32.36,3
159.92,100.07,39.13,4
194.95,73.05,19.22,1
170.8,107.27,36.77,4
193.77,148.08,39.44,4
154.55,90.5,37.89,4
148.14,76.68,34.94,4
174.82,73.9,24.18,1
178.57,100.25,31.44,3
207.28,102.94,23.96,1
184.2,77.83,22.94,1
188.42,67.74,19.08,1
163.92,104.93,39.05,4
197.3,88.6,22.76,1
197.81,153.31,39.18,4
183.92,79.12,23.39,1
144.0,59.2,28.55,2
152.21,84.38,36.42,4
153.73,49.7,21.03,1
200.88,97.29,24.11,1
183.39,100.32,29.83,2
176.16,106.07,34.18,3
189.34,132.46,36.95,4
183.84,96.39,28.52,2
163.94,87.8,32.67,3
171.44,89.26,30.37,3
180.78,64.74,19.81,1
187.11,112.0,31.99,3
192.34,97.04,26.23,2
155.34,90.54,37.52,4
206.84,91.56,21.4,1
198.16,156.48,39.85,4
175.65,62.42,20.23,1
163.99,84.52,31.43,3
157.67,54.39,21.88,1
197.68,113.95,29.16,2
178.97,100.58,31.4,3
157.6,79.43,31.98,3
162.19,99.93,37.99,4
142.32,76.75,37.89,4
203.83,126.01,30.33,3
205.87,128.76,30.38,3
209.19,83.76,19.14,1
175.18,68.37,22.28,1
187.99,114.11,32.29,3
163.17,90.44,33.97,3
154.94,80.06,33.35,3
149.82,55.06,24.53,1
144.7,52.6,25.12,2
147.86,53.17,24.32,1
194.93,107.38,28.26,2
139.84,43.65,22.32,1
142.22,45.63,22.56,1
166.43,70.47,25.44,2
205.48,120.88,28.63,2
178.28,114.83,36.13,4
147.26,45.3,20.89,1
164.64,79.45,29.31,2
164.49,100.08,36.99,4
206.68,102.78,24.06,1
203.81,95.5,22.99,1
190.18,116.86,32.31,3
205.14,94.31,22.41,1
172.39,72.16,24.28,1
159.55,84.54,33.21,3
168.47,86.93,30.63,3
142.44,60.34,29.74,2
199.59,75.61,18.98,1
159.39,96.34,37.92,4
191.63,68.45,18.64,1
159.48,56.36,22.16,1
164.89,71.78,26.4,2
203.98,105.27,25.3,2
170.99,78.33,26.79,2
141.27,43.09,21.59,1
145.53,47.84,22.59,1
144.49,66.45,31.83,3
205.29,148.89,35.33,4
164.16,100.3,37.22,4
154.56,56.02,23.45,1
206.25,87.67,20.61,1
145.77,44.07,20.74,1
197.24,129.32,33.24,3
154.64,70.23,29.37,2
180.32,84.41,25.96,2
179.07,63.62,19.84,1
167.9,105.8,37.53,4
142.67,44.5,21.86,1
172.36,100.71,33.9,3
156.33,96.75,39.59,4
164.33,85.79,31.77,3
180.05,120.04,37.03,4
177.54,98.88,31.37,3
185.33,89.41,26.03,2
182.41,123.14,37.01,4
188.38,141.88,39.98,4
207.79,148.4,34.37,3
136.06,70.05,37.84,4
136.07,59.6,32.19,3
198.0,134.2,34.23,3
169.58,84.69,29.45,2
194.51,146.8,38.8,4
192.0,130.72,35.46,4
154.2,88.67,37.29,4
139.03,73.84,38.2,4
191.61,70.34,19.16,1
160.01,94.01,36.72,4
155.22,93.99,39.01,4
138.43,71.44,37.28,4
150.2,84.06,37.26,4
204.97,111.54,26.55,2
189.27,109.26,30.5,3
195.85,115.8,30.19,3
205.55,141.24,33.43,3
142.4,40.9,20.17,1
161.14,98.46,37.92,4
151.15,47.36,20.73,1
153.7,82.8,35.05,4
154.65,68.74,28.74,2
145.95,79.92,37.52,4
193.8,99.76,26.56,2
149.98,50.79,22.58,1
141.46,46.53,23.25,1
138.06,67.65,35.49,4
146.73,64.78,30.09,3
135.96,38.26,20.7,1
171.92,90.18,30.51,3
154.1,48.85,20.57,1
179.36,117.0,36.37,4
188.26,125.89,35.52,4
169.59,107.51,37.38,4
190.96,138.5,37.98,4
187.01,93.27,26.67,2
144.42,58.73,28.16,2
138.07,57.06,29.93,2
179.3,111.52,34.69,3
151.44,63.0,27.47,2
151.4,73.79,32.19,3
195.91,124.2,32.36,3
198.37,113.05,28.73,2
150.11,78.62,34.89,3
155.77,67.75,27.92,2
206.37,159.45,37.44,4
160.95,88.8,34.28,3
170.92,108.65,37.19,4
163.27,52.46,19.68,1
177.84,82.83,26.19,2
159.47,96.13,37.8,4
137.5,57.85,30.6,3
149.38,44.58,19.98,1
138.23,47.65,24.94,1
191.73,101.27,27.55,2
177.51,81.83,25.97,2
159.36,95.49,37.6,4
197.11,115.27,29.67,2
156.15,52.67,21.6,1
187.34,140.17,39.94,4
174.85,69.03,22.58,1
141.79,72.28,35.95,4
181.81,89.81,27.17,2
168.53,96.99,34.15,3
144.61,67.4,32.23,3
183.46,89.8,26.68,2
169.85,80.11,27.77,2
173.48,76.8,25.52,2
167.62,97.38,34.66,3
206.25,108.77,25.57,2
151.31,82.38,35.98,4
142.28,62.92,31.08,3
143.24,72.69,35.43,4
209.75,166.21,37.78,4
143.56,73.02,35.43,4
157.22,92.89,37.58,4
144.22,38.5,18.51,1
200.44,97.63,24.3,1
158.97,52.26,20.68,1
143.35,46.89,22.82,1
194.03,117.84,31.3,3
183.28,121.77,36.25,4
160.17,92.05,35.88,4
140.28,40.79,20.73,1
191.03,107.91,29.57,2
177.68,81.58,25.84,2
147.76,51.11,23.41,1
190.63,88.67,24.4,1
171.03,92.93,31.77,3
140.38,72.86,36.97,4
174.4,80.3,26.4,2
165.06,62.77,23.04,1
149.65,81.16,36.24,4
185.76,137.03,39.71,4
159.8,72.55,28.41,2
180.75,83.83,25.66,2
183.45,113.45,33.71,3
159.23,50.73,20.01,1
194.36,100.67,26.65,2
151.36,46.71,20.39,1
162.93,103.53,39.0,4
169.3,84.33,29.42,2
165.03,75.79,27.83,2
143.7,62.47,30.25,3
169.33,110.5,38.54,4
168.68,67.97,23.89,1
178.92,76.29,23.83,1
171.87,61.8,20.92,1
185.08,89.75,26.2,2
203.2,121.19,29.35,2
165.32,85.82,31.4,3
162.21,89.17,33.89,3
184.68,73.23,21.47,1
166.15,66.01,23.91,1
203.88,85.0,20.45,1
203.95,128.66,30.93,3
184.09,130.57,38.53,4
147.88,44.33,20.27,1
167.29,65.12,23.27,1
157.56,54.89,22.11,1
143.71,71.85,34.79,3
155.03,73.62,30.63,3
180.43,104.96,32.24,3
169.23,75.09,26.22,2
182.83,101.38,30.33,3
136.17,62.64,33.78,3
161.85,104.15,39.76,4
191.55,115.17,31.39,3
150.71,53.38,23.5,1
199.34,122.83,30.91,3
198.24,91.61,23.31,1
177.71,72.23,22.87,1
192.51,68.86,18.58,1
168.89,68.09,23.87,1
208.07,109.79,25.36,2
187.83,125.17,35.48,4
208.33,172.3,39.7,4
202.92,128.14,31.12,3
148.02,41.3,18.85,1
196.45,91.12,23.61,1
160.53,52.39,20.33,1
151.02,54.08,23.71,1
195.27,137.38,36.03,4
140.68,55.18,27.88,2
169.37,103.82,36.19,4
165.87,89.55,32.55,3
188.67,130.85,36.76,4
176.6,109.75,35.19,4
183.9,123.37,36.48,4
155.7,76.82,31.69,3
207.14,158.46,36.93,4
172.65,79.62,26.71,2
207.94,119.43,27.62,2
184.67,109.27,32.04,3
159.5,62.58,24.6,1
187.2,93.25,26.61,2
148.62,71.39,32.32,3
157.22,54.8,22.17,1
145.27,66.67,31.59,3
199.01,134.58,33.98,3
191.06,83.78,22.95,1
155.6,68.93,28.47,2
195.02,76.33,20.07,1
188.18,73.83,20.85,1
175.41,90.52,29.42,2
136.27,56.28,30.31,3
188.54,88.73,24.96,3
202.05,83.32,20.41,1
172.34,76.24,25.67,2
149.19,67.28,30.23,3
166.88,105.35,37.83,4
148.82,46.44,20.97,1
135.92,56.36,30.51,3
198.02,100.74,25.69,2
159.84,75.37,29.5,2
179.09,106.39,33.17,3
175.8,122.85,39.75,4
144.76,74.75,35.67,4
170.14,82.99,28.67,2
162.82,70.36,26.54,2
197.3,89.1,22.89,1
201.54,118.16,29.09,2
206.89,92.97,21.72,1
170.77,68.27,23.41,1
209.34,116.61,26.61,2
156.21,87.55,35.88,4
190.9,88.23,24.21,1
155.87,74.49,30.66,3
182.3,77.0,23.17,1
137.69,66.01,34.82,3
140.42,51.15,25.94,2
180.23,113.5,34.94,2
174.3,118.33,38.95,4
146.81,84.04,38.99,4
202.25,77.76,19.01,1
187.25,118.2,33.71,3
197.87,146.55,37.43,4
138.25,70.7,36.99,4
170.66,73.66,25.29,2
143.07,71.87,35.11,4
163.27,102.44,38.43,4
167.41,64.15,22.89,1
143.14,43.4,21.18,1
170.98,58.73,20.09,1
139.16,58.19,30.05,3
167.43,89.68,31.99,3
193.53,75.77,20.23,1
140.61,78.65,39.78,4
187.27,82.84,23.62,1
178.91,115.81,36.18,4
164.28,70.84,26.25,2
190.39,134.01,36.97,4
169.96,113.23,39.2,4
149.75,47.92,21.37,1
162.13,68.74,26.15,2
143.21,80.35,39.18,4
138.1,50.08,26.26,2
135.67,53.6,29.12,2
163.11,60.15,22.61,1
158.02,76.61,30.68,3
168.68,74.55,26.2,2
179.93,87.02,26.88,2
191.39,140.29,38.3,4
190.76,127.8,35.12,4
180.52,88.77,27.24,2
205.1,79.93,19.0,1
166.15,70.62,25.58,2
159.89,100.93,39.48,4
191.81,76.42,20.77,1
187.11,104.09,29.73,2
166.5,59.35,21.41,1
166.89,89.91,32.28,3
188.62,89.26,25.09,2
167.84,97.92,34.76,3
168.96,70.54,24.71,1
141.39,38.14,19.08,1
206.71,115.54,27.04,2
178.11,111.6,35.18,4
138.04,43.56,22.86,1
153.48,55.4,23.52,1
157.8,80.08,32.16,3
182.36,114.73,34.5,3
137.47,45.03,23.83,1
170.46,78.98,27.18,2
143.48,45.04,21.88,1
155.25,95.81,39.75,4
172.76,77.36,25.92,2
153.08,83.68,35.71,4
157.86,47.85,19.2,1
135.74,44.13,23.95,1
186.65,99.25,28.49,2
161.72,90.41,34.57,3
141.26,40.55,20.32,1
172.24,102.74,34.63,3
199.16,120.66,30.42,3
146.15,50.0,23.41,1
172.06,90.59,30.6,3
157.75,99.17,39.85,4
159.14,84.18,33.24,3
167.63,104.92,37.34,4
180.19,94.84,29.21,2
147.61,64.21,29.47,2
187.24,68.79,19.62,1
156.64,53.56,21.83,1
159.02,47.11,18.63,1
137.1,40.24,21.41,1
164.76,67.7,24.94,1
144.05,63.93,30.81,3
167.29,75.37,26.93,2
183.02,124.51,37.17,4
159.17,89.74,35.42,4
188.81,106.45,29.86,2
162.67,52.58,19.87,1
138.05,35.79,18.78,1
148.32,67.14,30.52,3
150.01,80.13,35.61,4
135.79,53.57,29.05,2
148.33,69.94,31.79,3
194.25,99.28,26.31,2
150.49,55.19,24.37,1
202.64,132.76,32.33,3
160.63,64.45,24.98,3
184.1,128.52,37.92,4
192.45,100.07,27.02,2
142.32,41.6,20.54,1
182.7,128.64,38.54,4
161.72,66.82,25.55,2
155.07,52.57,21.86,1
186.44,133.72,38.47,4
169.38,106.24,37.03,4
140.02,47.5,24.23,1
142.16,60.89,30.13,3
171.8,77.74,26.34,2
204.83,157.5,37.54,4
148.59,54.8,24.82,1
195.34,101.92,26.71,2
139.5,66.71,34.28,3
207.78,95.71,22.17,1
147.09,50.91,23.53,1
185.26,112.4,32.75,3
146.73,66.98,31.11,3
183.3,107.62,32.03,3
187.06,94.3,26.95,2
182.0,101.06,30.51,3
160.46,65.96,25.62,2
190.94,83.85,23.0,1
163.61,58.25,21.76,1
167.67,66.83,23.77,1
182.68,118.57,35.53,4
163.32,66.39,24.89,1
155.8,77.41,31.89,3
135.7,39.08,21.22,1
152.71,64.71,27.75,2
153.95,45.88,19.36,1
188.22,99.87,28.19,2
191.3,71.36,19.5,1
205.18,132.06,31.37,3
190.53,125.6,34.6,3
153.84,92.35,39.02,4
198.83,146.71,37.11,4
166.48,60.56,21.85,1
150.4,72.72,32.15,3
194.48,80.03,21.16,1
163.01,71.37,26.86,2
161.64,72.95,27.92,2
180.71,89.93,27.54,2
183.4,88.93,26.44,2
157.2,70.85,28.67,2
156.79,59.34,24.14,1
183.97,121.16,35.8,4
156.7,77.37,31.51,3
167.54,110.68,39.43,4
178.74,98.78,30.92,3
182.05,77.25,23.31,1
176.12,83.94,27.06,2
168.15,85.53,30.25,3
161.97,79.78,30.41,3
191.57,137.77,37.54,4
178.3,72.13,22.69,1
182.89,86.1,25.74,2
175.73,57.53,18.63,1
138.18,66.6,34.88,3
194.32,77.45,20.51,1
144.57,63.58,30.42,3
176.07,113.59,36.64,4
152.42,54.25,23.35,1
203.29,79.76,19.3,1
180.07,96.3,29.7,2
196.56,87.16,22.56,1
167.72,92.91,33.03,3
158.28,55.64,22.21,1
203.43,101.31,24.48,1
156.01,61.72,25.36,2
138.17,49.35,25.85,2
146.31,49.71,23.22,1
144.36,50.64,24.3,1
206.8,155.03,36.25,4
139.2,45.15,23.3,1
142.83,67.97,33.32,3
209.75,83.77,19.04,1
207.83,120.42,27.88,2
147.95,66.06,30.18,3
142.6,41.89,20.6,1
187.58,91.59,26.03,2
181.08,96.99,29.58,2
155.17,49.86,20.71,1
171.11,64.79,22.13,1
174.7,106.79,34.99,1
169.97,55.15,19.09,1
160.49,53.21,20.66,1
171.32,107.69,36.69,4
181.45,86.46,26.26,2
170.75,70.29,24.11,1
196.53,124.49,32.23,3
166.72,52.59,18.92,1
135.78,48.89,26.52,2
158.85,60.36,23.92,1
166.93,94.38,33.87,3
188.6,96.04,27.0,2
155.59,55.1,22.76,1
148.6,81.31,36.82,4
155.63,92.21,38.07,4
149.56,42.03,18.79,1
185.7,133.14,38.61,4
177.39,59.85,19.02,1
149.27,56.66,25.43,2
141.87,72.14,35.84,4
180.62,87.17,26.72,2
170.01,59.69,20.65,1
156.08,59.85,24.57,1
138.57,46.54,24.24,1
180.76,63.42,19.41,1
136.5,46.9,25.17,2
148.07,58.12,26.51,2
147.24,80.47,37.12,4
206.76,100.63,23.54,1
208.83,126.95,29.11,2
135.76,71.82,38.97,4
161.83,55.89,21.34,1
148.67,85.54,38.7,4
172.83,64.58,21.62,1
180.71,124.29,38.06,4
148.63,43.47,19.68,1
151.04,55.78,24.45,1
166.75,97.43,35.04,4
199.51,138.6,34.82,3
190.9,81.34,22.32,1
163.86,67.18,25.02,2
139.1,37.32,19.29,1
171.63,55.61,18.88,1
167.02,76.24,27.33,2
189.52,81.43,22.67,1
151.27,51.99,22.72,1
147.54,48.59,22.32,1
139.07,46.01,23.79,1
204.55,156.07,37.3,4
184.68,67.09,19.67,1
186.9,97.77,27.99,2
170.01,65.93,22.81,1
161.5,65.47,25.1,2
200.63,104.37,25.93,2
187.51,81.92,23.3,1
172.51,56.66,19.04,1
154.91,72.06,30.03,3
140.9,70.83,35.68,4
151.8,74.38,32.28,3
157.56,76.86,30.96,3
148.98,67.76,30.53,3
156.58,62.27,25.4,2
139.15,49.78,25.71,2
162.31,89.86,34.11,3
204.03,126.13,30.3,3
153.69,50.69,21.46,1
185.34,75.4,21.95,1
152.56,58.26,25.03,2
148.17,77.04,35.09,4
150.87,89.48,39.31,4
140.0,72.48,36.98,4
172.95,94.04,31.44,3
179.78,128.57,39.78,4
152.13,61.19,26.44,2
146.73,64.61,30.01,3
158.92,48.14,19.06,1
208.92,100.21,22.96,1
135.57,39.17,21.31,1
154.86,47.1,19.64,1
136.31,51.71,27.83,2
179.56,64.93,20.14,1
150.62,50.41,22.22,1
154.23,56.52,23.76,1
201.8,162.36,39.87,4
157.53,53.25,21.46,1
138.87,71.86,37.26,4
187.49,123.49,35.13,4
147.23,78.62,36.27,4
167.91,70.85,25.13,2
157.74,56.18,22.58,1
198.63,129.13,32.73,3
152.07,51.22,22.15,1
171.77,64.85,21.98,1
140.31,62.27,31.63,3
144.84,71.79,34.22,3
201.28,86.13,21.26,1
191.08,113.48,31.08,3
138.8,38.16,19.81,1
143.89,45.2,21.83,1
174.63,102.68,33.67,3
176.4,85.35,27.43,2
171.53,80.26,27.28,2
206.06,81.35,19.16,1
201.25,142.16,35.1,4
168.8,112.01,39.31,4
173.14,90.65,30.24,3
170.13,70.86,24.48,1
174.7,120.8,39.58,4
136.97,68.35,36.43,4
149.25,60.41,27.12,2
180.35,89.61,27.55,2
190.75,105.95,29.12,2
186.43,82.16,23.64,1
152.28,56.58,24.4,1
135.09,66.9,36.66,4
187.1,96.3,27.51,2
195.69,77.81,20.32,1
190.69,105.02,28.88,2
209.05,95.23,21.79,1
143.93,58.5,28.24,2
157.12,78.97,31.99,3
184.95,72.35,21.15,1
158.55,64.73,25.75,2
158.6,91.48,36.37,4
145.56,58.67,27.69,2
165.88,87.34,31.74,3
182.33,97.04,29.19,2
166.32,96.13,34.75,3
191.77,121.03,32.91,3
190.96,135.8,37.24,4
135.81,42.75,23.18,1
155.14,84.96,35.3,4
140.97,40.58,20.42,1
137.81,63.77,33.58,3
209.96,85.96,19.5,1
148.6,67.04,30.36,3
189.83,125.84,34.92,3
192.54,92.16,24.86,1
178.64,60.7,19.02,1
204.2,114.71,27.51,2
137.25,57.98,30.78,3
209.22,128.25,29.3,2
174.3,72.79,23.96,1
193.14,91.58,24.55,1
159.82,48.94,19.16,1
160.1,98.63,38.48,4
146.43,50.37,23.49,1
174.51,82.41,27.06,2
144.04,76.04,36.65,4
161.94,60.32,23.0,1
181.12,72.76,22.18,1
147.37,71.1,32.74,3
138.3,67.1,35.08,4
186.36,76.06,21.9,1
160.28,98.67,38.41,4
140.18,76.58,38.97,4
142.86,49.17,24.09,1
190.38,105.18,29.02,2
174.78,80.52,26.36,2
153.37,88.49,37.62,4
194.63,79.06,20.87,1
165.27,54.76,20.05,1
147.46,56.51,25.99,2
188.97,121.06,33.9,3
185.78,103.51,29.99,3
138.78,58.9,30.58,3
186.51,117.05,33.65,3
148.75,55.07,24.89,1
185.9,130.22,37.68,4
164.83,93.33,34.35,3
204.14,91.35,21.92,1
191.23,71.78,19.63,1
161.65,50.48,19.32,1
175.2,77.2,25.15,2
201.46,141.16,34.78,3
184.12,103.46,30.52,3
154.81,77.82,32.47,3
191.57,70.39,19.18,1
170.87,71.65,24.54,1
174.39,75.48,24.82,1
148.18,67.06,30.54,3
146.12,43.79,20.51,1
161.68,95.23,36.43,4
141.48,76.9,38.42,4
204.43,114.63,27.43,2
199.51,82.08,20.62,1
158.83,70.21,27.83,2
201.22,159.2,39.32,4
163.69,50.21,18.74,1
144.47,82.55,39.55,4
158.79,68.94,27.34,2
209.98,93.25,21.15,1
147.25,50.04,23.08,1
143.99,50.49,24.35,1
177.33,73.49,23.37,1
160.5,71.25,27.66,2
193.35,135.33,36.2,4
180.3,61.05,18.78,1
174.78,85.99,28.15,2
155.95,78.41,32.24,3
191.92,112.45,30.53,3
142.71,49.57,24.34,1
139.06,52.12,26.95,2
200.1,79.84,19.94,1
201.14,126.31,31.22,3
163.7,79.54,29.68,2
147.2,62.77,28.97,2
190.03,138.02,38.22,4
187.26,113.51,32.37,3
182.37,102.37,30.78,3
175.79,74.07,23.97,1
195.21,80.14,21.03,1
188.92,80.8,22.64,1
180.6,121.99,37.4,4
166.13,103.17,37.38,4
147.14,63.54,29.35,2
174.81,70.8,23.17,1
164.05,67.31,25.01,2
201.09,112.58,27.84,2
138.88,70.59,36.6,4
202.09,123.95,30.35,3
147.58,42.97,19.73,1
174.02,70.04,23.13,1
197.39,155.73,39.97,4
197.86,107.78,27.53,2
153.68,61.78,26.16,2
193.61,129.17,34.46,3
184.65,74.4,21.82,1
160.36,84.86,33.0,3
175.49,113.09,36.72,4
205.59,91.51,21.65,1
194.82,92.57,24.39,1
205.54,86.77,20.54,1
200.48,102.65,25.54,2
151.42,49.2,21.46,1
171.81,69.31,23.48,1
167.56,104.08,37.07,4
203.62,90.01,21.71,1
146.22,65.32,30.55,3
177.98,90.03,28.42,2
154.88,89.21,37.19,4
141.45,45.12,22.55,1
173.41,75.78,25.2,2
162.05,53.73,20.46,1
209.69,175.88,40.0,4
174.72,101.08,33.11,3
177.26,78.55,25.0,2
176.58,68.69,22.03,1
157.56,66.95,26.97,2
194.48,91.98,24.32,1
164.99,71.51,26.27,2
179.87,104.15,32.19,3
145.77,82.64,38.89,4
204.9,138.25,32.93,3
200.16,108.61,27.11,2
206.2,114.84,27.01,2
203.27,103.54,25.06,2
169.18,101.44,35.44,4
166.57,93.45,33.68,3
191.27,87.69,23.97,1
169.03,104.86,36.7,4
166.15,104.76,37.95,4
155.03,48.69,20.26,1
202.74,80.07,19.48,1
159.8,99.49,38.96,4
143.37,41.62,20.25,1
157.99,54.74,21.93,1
160.01,99.93,39.03,4
193.69,97.43,25.97,2
138.75,73.41,38.13,4
177.54,65.59,20.81,1
208.47,88.31,20.32,1
188.76,115.62,32.45,3
202.1,75.81,18.56,1
149.79,80.39,35.83,4
181.37,85.72,26.06,2
197.1,93.04,23.95,1
178.26,83.35,26.23,2
166.38,54.01,19.51,1
138.93,48.52,25.14,2
187.2,69.04,19.7,1
148.53,61.33,27.8,2
190.52,127.55,35.14,4
170.47,73.32,25.23,2
144.55,62.12,29.73,2
163.54,63.36,23.69,1
140.52,38.86,19.68,1
193.92,77.35,20.57,1
172.8,82.95,27.78,2
150.43,90.27,39.89,4
169.69,67.55,23.46,1
183.87,105.85,31.31,3
178.41,123.02,38.65,4
183.23,120.46,35.88,4
200.8,109.39,27.13,2
158.9,83.12,32.92,3
156.15,83.49,34.24,3
193.74,85.32,22.73,1
179.96,115.81,35.76,4
149.44,45.85,20.53,1
165.75,62.53,22.76,1
202.18,157.29,38.48,4
195.88,96.0,25.02,2
203.37,111.67,27.0,2
178.98,68.07,21.25,1
209.25,90.37,20.64,1
181.47,63.49,19.28,1
206.5,145.24,34.06,3
207.64,133.48,30.96,3
166.63,101.34,36.5,4
189.16,73.1,20.43,1
182.13,121.81,36.72,4
184.83,73.62,21.55,1
179.45,100.41,31.18,3
147.97,40.9,18.68,1
207.89,106.84,24.72,1
151.19,82.68,36.17,4
182.73,121.41,36.36,4
143.52,47.05,22.84,1
171.36,72.53,24.7,1
143.5,47.65,23.14,1
142.02,65.31,32.38,3
204.9,149.21,35.54,4
174.82,61.67,20.18,1
167.83,100.64,35.73,4
199.31,119.65,30.12,3
186.48,85.16,24.49,1
190.84,138.76,38.1,4
183.58,131.03,38.88,4
166.11,107.8,39.07,4
150.35,65.24,28.86,2
144.06,42.05,20.26,1
142.09,56.55,28.01,2
174.8,63.43,20.76,1
148.47,52.09,23.63,1
144.56,82.06,39.27,4
160.95,66.96,25.85,2
199.56,109.48,27.49,2
169.37,75.93,26.47,2
158.91,55.43,21.95,1
145.77,48.77,22.95,1
139.41,38.62,19.87,1
164.74,82.01,30.22,3
170.38,97.51,33.59,3
147.23,54.1,24.96,3
168.57,72.69,25.58,2
162.28,92.04,34.95,2
149.19,68.6,30.82,3
159.28,86.79,34.21,3
202.44,115.53,28.19,2
197.25,94.23,24.22,1
148.58,58.24,26.38,2
147.23,42.33,19.53,1
183.23,109.18,32.52,3
168.97,102.27,35.82,4
157.62,88.42,35.59,4
152.88,65.07,27.84,2
208.04,90.37,20.88,1
157.41,88.7,35.8,4
199.07,92.53,23.35,1
177.29,65.98,20.99,1
209.42,146.09,33.31,3
190.65,102.39,28.17,2
198.59,122.34,31.02,3
156.08,88.24,36.22,4
137.32,70.43,37.35,4
175.71,69.16,22.4,1
199.23,115.47,29.09,2
188.81,86.91,24.38,1
137.13,50.32,26.76,2
150.74,48.72,21.44,1
207.47,165.63,38.48,4
191.63,130.0,35.4,4
149.21,65.19,29.28,2
171.64,113.69,38.59,4
168.78,58.26,20.45,1
202.69,124.65,30.34,3
201.08,159.67,39.49,4
155.11,94.34,39.21,4
201.26,115.85,28.6,2
144.31,41.94,20.14,1
185.66,72.83,21.13,1
171.4,100.59,34.24,3
166.34,65.13,23.54,1
206.59,157.62,36.93,4
198.79,89.51,22.65,1
199.8,115.97,29.05,2
206.64,141.81,33.21,3
205.72,137.67,32.53,3
150.52,48.6,21.45,1
206.21,106.48,25.04,2
147.26,45.78,21.11,1
192.92,87.02,23.38,1
196.24,91.62,23.79,1
205.84,116.94,27.6,2
171.99,90.9,30.73,3
180.99,112.69,34.4,3
208.11,155.22,35.84,4
150.92,66.94,29.39,2
197.01,139.53,35.95,4
142.8,78.49,38.49,4
167.88,80.92,28.71,2
177.17,73.83,23.52,1
142.19,74.93,37.06,4
167.85,71.87,25.51,2
136.13,55.33,29.86,2
143.19,48.96,23.88,1
142.65,69.02,33.92,3
205.56,164.03,38.82,4
160.69,54.04,20.93,1
156.7,65.49,26.67,2
158.79,55.8,22.13,1
171.54,114.88,39.04,4
208.16,92.68,21.39,1
193.03,137.01,36.77,4
143.24,73.95,36.04,4
167.11,83.89,30.04,3
195.81,146.89,38.31,4
136.62,50.88,27.26,2
206.89,114.07,26.65,2
178.4,123.61,38.84,4
174.48,97.94,32.17,3
178.69,99.3,31.1,3
170.85,94.75,32.46,3
150.67,68.81,30.31,3
167.58,107.56,38.3,4
161.53,70.55,27.04,2
202.53,88.35,21.54,1
163.3,65.2,24.45,1
182.28,103.03,31.01,3
166.6,96.78,34.87,3
155.57,87.08,35.98,4
156.87,49.98,20.31,1
146.71,80.82,37.55,4
150.17,43.05,19.09,1
181.73,63.51,19.23,1
138.71,40.39,20.99,1
201.07,104.35,25.81,2
177.76,88.29,27.94,2
176.79,102.83,32.9,3
173.89,66.67,22.05,1
190.67,85.8,23.6,1
161.63,61.86,23.68,1
191.23,78.92,21.58,1
166.08,61.67,22.36,1
160.82,88.71,34.3,3
137.32,48.41,25.67,2
